Match Date,Player 1 Name,Player 2 Name,Score,Winning player name,Player 1 Ranking,Player 2 Ranking,Player 1 Aces,Player 2 Aces,Player 1 Double Faults,Player 2 Double Faults,Player 1 1st Serve Percentage,Player 2 1st Serve Percentage,Player 1 1st Serve Points Won,Player 2 1st Serve Points Won,Player 1 2nd Serve Points Won,Player 2 2nd Serve Points Won,Player 1 Break Points Saved,Player 2 Break Points Saved,Player 1 Return,Player 2 Return,Player 1 1st Return Points Won,Player 2 1st Return Points Won,Player 1 2nd Return Points Won,Player 2 2nd Return Points Won,Player 1 Break Points Converted,Player 2 Break Points Converted,Player 1 Winners,Player 2 Winners,Player 1 Unforced Errors,Player 2 Unforced Errors,Player 1 Net Points Won,Player 2 Net Points Won,Player 1 Max Points in Row,Player 2 Max Points in Row,Player 1 Service Points Won,Player 2 Service Points Won,Player 1 Return Points Won,Player 2 Return Points Won,Player 1 Total Points Won,Player 2 Total Points Won,Player 1 Max Games in Row,Player 2 Max Games in Row,Player 1 Service Games Won,Player 2 Service Games Won,Player 1 Return Games Won,Player 2 Return Games Won,Player 1 Total Games Won,Player 2 Total Games Won,Player 1 Distance Covered,Player 2 Distance Covered
09-11-2008,N. Djokovic,J. M. Del Potro,(7-5)(6-3),N. Djokovic,,,11.1%,3.0%,5.6%,1.5%,54.2%,62.1%,74.4%,58.5%,51.5%,52.0%,60.0%,63.6%,,,41.5%,25.6%,48.0%,48.5%,,,,,,,,,,,63.9%,56.1%,43.9%,36.1%,54.3%,45.7%,,,81.8%,60.0%,40.0%,18.2%,61.9%,38.1%,,
09-11-2008,N. Djokovic,G. Simon,(4-6)(6-3)(7-5),N. Djokovic,,,7.5%,3.7%,0.9%,4.6%,63.2%,53.2%,71.6%,70.7%,56.4%,49.0%,75.0%,78.6%,,,29.3%,28.4%,51.0%,43.6%,,,,,,,,,,,66.0%,60.6%,39.4%,34.0%,52.6%,47.4%,,,87.5%,80.0%,20.0%,12.5%,54.8%,45.2%,,
09-11-2008,N. Djokovic,N. Davydenko,(6-1)(7-5),N. Djokovic,,,7.3%,7.6%,5.5%,1.5%,61.8%,47.0%,73.5%,64.5%,66.7%,37.1%,75.0%,63.6%,,,35.5%,26.5%,62.9%,33.3%,,,,,,,,,,,70.9%,50.0%,50.0%,29.1%,59.5%,40.5%,,,90.0%,55.6%,44.4%,10.0%,68.4%,31.6%,,
09-11-2008,N. Djokovic,N. Davydenko,(7-6)(0-6)(7-5),N. Djokovic,,,6.8%,9.2%,3.4%,5.7%,61.4%,55.2%,75.9%,81.3%,50.0%,53.8%,50.0%,50.0%,,,18.8%,24.1%,46.2%,50.0%,,,,,,,,,,,65.9%,69.0%,31.0%,34.1%,48.6%,51.4%,,,73.3%,86.7%,13.3%,26.7%,43.3%,56.7%,,
09-11-2008,N. Davydenko,A. Murray,(7-5)(6-2),N. Davydenko,,,10.5%,1.4%,1.8%,1.4%,47.4%,52.9%,77.8%,64.9%,63.3%,45.5%,0.0%,60.0%,,,35.1%,22.2%,54.5%,36.7%,,,,,,,,,,,70.2%,55.7%,44.3%,29.8%,55.9%,44.1%,,,90.0%,60.0%,40.0%,10.0%,65.0%,35.0%,,
09-11-2008,J. W. Tsonga,N. Djokovic,(1-6)(7-5)(6-1),J. W. Tsonga,,,8.6%,3.9%,3.7%,2.6%,61.7%,64.5%,80.0%,69.4%,45.2%,48.1%,66.7%,40.0%,,,30.6%,20.0%,51.9%,54.8%,,,,,,,,,,,66.7%,61.8%,38.2%,33.3%,52.9%,47.1%,,,84.6%,76.9%,23.1%,15.4%,53.8%,46.2%,,
09-11-2008,J. M. Del Potro,J. W. Tsonga,(7-6)(7-6),J. M. Del Potro,,,6.7%,21.5%,4.0%,2.5%,68.0%,68.4%,82.4%,70.4%,54.2%,64.0%,50.0%,33.3%,,,29.6%,17.6%,36.0%,45.8%,,,,,,,,,,,73.3%,68.4%,31.6%,26.7%,51.9%,48.1%,,,83.3%,83.3%,16.7%,16.7%,50.0%,50.0%,,
09-11-2008,N. Davydenko,J. M. Del Potro,(6-3)(6-2),N. Davydenko,,,10.6%,0.0%,2.1%,1.8%,53.2%,56.4%,76.0%,58.1%,72.7%,37.5%,66.7%,20.0%,,,41.9%,24.0%,62.5%,27.3%,,,,,,,,,,,74.5%,49.1%,50.9%,25.5%,61.8%,38.2%,,,88.9%,50.0%,50.0%,11.1%,70.6%,29.4%,,
09-11-2008,N. Davydenko,J. W. Tsonga,(6-7)(6-4)(7-6),N. Davydenko,,,10.8%,5.0%,3.9%,1.7%,52.9%,65.3%,87.0%,69.6%,56.3%,42.9%,71.4%,72.7%,,,30.4%,13.0%,57.1%,43.8%,,,,,,,,,,,72.5%,60.3%,39.7%,27.5%,54.7%,45.3%,,,88.2%,82.4%,17.6%,11.8%,54.3%,45.7%,,
09-11-2008,G. Simon,R. Federer,(4-6)(6-4)(6-3),G. Simon,,,6.9%,3.3%,3.0%,2.2%,54.5%,51.6%,69.1%,74.5%,58.7%,47.7%,80.0%,75.0%,,,25.5%,30.9%,52.3%,41.3%,,,,,,,,,,,64.4%,61.5%,38.5%,35.6%,52.1%,47.9%,,,86.7%,78.6%,21.4%,13.3%,55.2%,44.8%,,
09-11-2008,A. Murray,G. Simon,(6-4)(6-2),A. Murray,,,2.9%,0.0%,1.4%,3.6%,65.7%,42.9%,67.4%,62.5%,54.2%,43.8%,87.5%,50.0%,,,37.5%,32.6%,56.3%,45.8%,,,,,,,,,,,62.9%,51.8%,48.2%,37.1%,56.3%,43.7%,,,88.9%,55.6%,44.4%,11.1%,66.7%,33.3%,,
09-11-2008,G. Simon,R. Stepanek,(6-1)(6-4),G. Simon,,,0.0%,6.8%,4.1%,13.6%,55.1%,47.7%,85.2%,71.4%,63.6%,43.5%,,25.0%,,,28.6%,14.8%,56.5%,36.4%,,,,,,,,,,,75.5%,56.8%,43.2%,24.5%,60.2%,39.8%,,,100.0%,62.5%,37.5%,0.0%,70.6%,29.4%,,
09-11-2008,A. Murray,A. Roddick,(6-4)(1-6)(6-1),A. Murray,,,12.5%,4.5%,5.6%,1.5%,62.5%,77.6%,80.0%,73.1%,40.7%,33.3%,50.0%,50.0%,,,26.9%,20.0%,66.7%,59.3%,,,,,,,,,,,65.3%,64.2%,35.8%,34.7%,51.1%,48.9%,,,83.3%,75.0%,25.0%,16.7%,54.2%,45.8%,,
09-11-2008,A. Murray,R. Federer,(4-6)(7-6)(7-5),A. Murray,,,6.3%,8.4%,2.7%,2.3%,56.3%,51.9%,69.8%,58.8%,42.9%,49.2%,57.1%,66.7%,,,41.2%,30.2%,50.8%,57.1%,,,,,,,,,,,58.0%,54.2%,45.8%,42.0%,51.4%,48.6%,,,64.7%,64.7%,35.3%,35.3%,50.0%,50.0%,,
09-11-2008,R. Federer,R. Stepanek,(7-6)(6-4),R. Federer,,,8.1%,5.2%,1.4%,3.9%,63.5%,59.7%,68.1%,69.6%,59.3%,41.9%,33.3%,40.0%,,,30.4%,31.9%,58.1%,40.7%,,,,,,,,,,,64.9%,58.4%,41.6%,35.1%,53.0%,47.0%,,,81.8%,72.7%,27.3%,18.2%,54.5%,45.5%,,
26-10-2008,F. Serra,G. Canas,(4-6)(7-5)(6-3),F. Serra,,,,,,,,,,,,,,,,,,,,,,,,,,,,,,,,,,,,,,,,,,,,,,
26-10-2008,R. Nadal,F. Serra,(6-2)(6-4),R. Nadal,,,,,,,,,,,,,,,,,,,,,,,,,,,,,,,,,,,,,,,,,,,,,,
26-10-2008,R. Nadal,G. Monfils,(6-3)(6-2),R. Nadal,,,0.0%,8.5%,0.0%,4.3%,57.4%,42.6%,74.3%,65.0%,65.4%,55.6%,100.0%,25.0%,,,35.0%,25.7%,44.4%,34.6%,,,,,,,,,,,70.5%,59.6%,40.4%,29.5%,57.4%,42.6%,,,100.0%,62.5%,37.5%,0.0%,70.6%,29.4%,,
26-10-2008,N. Davydenko,R. Nadal,(6-1),N. Davydenko,,,0.0%,0.0%,0.0%,3.0%,51.9%,57.6%,64.3%,52.6%,61.5%,28.6%,100.0%,62.5%,,,47.4%,35.7%,71.4%,38.5%,,,,,,,,,,,63.0%,42.4%,57.6%,37.0%,60.0%,40.0%,,,100.0%,25.0%,75.0%,0.0%,85.7%,14.3%,,
26-10-2008,D. Nalbandian,N. Davydenko,(6-1)(5-7)(6-4),D. Nalbandian,,,3.5%,8.9%,1.2%,3.8%,58.8%,51.9%,76.0%,70.7%,57.1%,50.0%,66.7%,50.0%,,,29.3%,24.0%,50.0%,42.9%,,,,,,,,,,,68.2%,60.8%,39.2%,31.8%,54.3%,45.7%,,,86.7%,71.4%,28.6%,13.3%,58.6%,41.4%,,
26-10-2008,J. W. Tsonga,D. Nalbandian,(6-3)(4-6)(6-4),J. W. Tsonga,,,28.1%,4.5%,1.1%,4.5%,64.0%,62.5%,82.5%,74.5%,46.9%,48.5%,88.9%,50.0%,,,25.5%,17.5%,51.5%,53.1%,,,,,,,,,,,69.7%,64.8%,35.2%,30.3%,52.5%,47.5%,,,93.3%,85.7%,14.3%,6.7%,55.2%,44.8%,,
26-10-2008,J. Monaco,M. Safin,(6-0)(7-6),J. Monaco,,,,,,,,,,,,,,,,,,,,,,,,,,,,,,,,,,,,,,,,,,,,,,
26-10-2008,G. Monfils,J. Monaco,(6-4)(6-4),G. Monfils,,,,,,,,,,,,,,,,,,,,,,,,,,,,,,,,,,,,,,,,,,,,,,
26-10-2008,N. Davydenko,T. Berdych,(6-1)(6-1),N. Davydenko,,,6.8%,0.0%,2.3%,6.1%,68.2%,49.0%,86.7%,45.8%,42.9%,36.0%,100.0%,44.4%,,,54.2%,13.3%,64.0%,57.1%,,,,,,,,,,,72.7%,40.8%,59.2%,27.3%,65.6%,34.4%,,,100.0%,28.6%,71.4%,0.0%,85.7%,14.3%,,
26-10-2008,D. Nalbandian,A. Murray,(7-6)(6-3),D. Nalbandian,,,3.3%,13.3%,3.3%,4.8%,58.3%,47.0%,77.1%,71.8%,40.0%,36.4%,50.0%,61.5%,,,28.2%,22.9%,63.6%,60.0%,,,,,,,,,,,61.7%,53.0%,47.0%,38.3%,53.1%,46.9%,,,70.0%,54.5%,45.5%,30.0%,57.1%,42.9%,,
26-10-2008,J. W. Tsonga,J. Blake,(6-4)(6-3),J. W. Tsonga,,,27.3%,6.1%,2.3%,1.5%,63.6%,65.2%,89.3%,69.8%,68.8%,34.8%,,57.1%,,,30.2%,10.7%,65.2%,31.3%,,,,,,,,,,,81.8%,57.6%,42.4%,18.2%,58.2%,41.8%,,,100.0%,70.0%,30.0%,0.0%,63.2%,36.8%,,
26-10-2008,T. Berdych,R. Ginepri,(6-4)(7-5),T. Berdych,,,,,,,,,,,,,,,,,,,,,,,,,,,,,,,,,,,,,,,,,,,,,,
26-10-2008,T. Berdych,S. Wawrinka,(6-3)(7-5),T. Berdych,,,,,,,,,,,,,,,,,,,,,,,,,,,,,,,,,,,,,,,,,,,,,,
26-10-2008,A. Murray,F. Verdasco,(6-3)(7-6),A. Murray,,,16.1%,12.7%,4.8%,9.5%,64.5%,58.7%,90.0%,83.8%,63.6%,53.8%,,0.0%,,,16.2%,10.0%,46.2%,36.4%,,,,,,,,,,,80.6%,71.4%,28.6%,19.4%,54.4%,45.6%,,,100.0%,90.0%,10.0%,0.0%,57.1%,42.9%,,
26-10-2008,J. W. Tsonga,A. Roddick,(5-7)(6-4)(7-6),J. W. Tsonga,,,10.4%,14.1%,4.2%,0.0%,63.2%,66.7%,67.0%,77.3%,47.2%,51.5%,82.4%,40.0%,,,22.7%,33.0%,48.5%,52.8%,,,,,,,,,,,59.7%,68.7%,31.3%,40.3%,48.1%,51.9%,,,82.4%,82.4%,17.6%,17.6%,50.0%,50.0%,,
26-10-2008,I. Ljubicic,V. Troicki,(6-3)(6-4),I. Ljubicic,,,,,,,,,,,,,,,,,,,,,,,,,,,,,,,,,,,,,,,,,,,,,,
26-10-2008,N. Davydenko,I. Ljubicic,(7-6)(7-5),N. Davydenko,,,,,,,,,,,,,,,,,,,,,,,,,,,,,,,,,,,,,,,,,,,,,,
26-10-2008,D. Nalbandian,J. M. Del Potro,(6-4)(6-0),D. Nalbandian,,,12.8%,9.6%,4.3%,3.8%,63.8%,57.7%,83.3%,56.7%,47.1%,27.3%,50.0%,54.5%,,,43.3%,16.7%,72.7%,52.9%,,,,,,,,,,,70.2%,44.2%,55.8%,29.8%,62.6%,37.4%,,,87.5%,37.5%,62.5%,12.5%,75.0%,25.0%,,
26-10-2008,J. Blake,R. Federer,,J. Blake,,,,,,,,,,,,,,,,,,,,,,,,,,,,,,,,,,,,,,,,,,,,,,
26-10-2008,S. Querrey,M. Baghdatis,(7-5)(6-7)(3-2),S. Querrey,,,,,,,,,,,,,,,,,,,,,,,,,,,,,,,,,,,,,,,,,,,,,,
26-10-2008,A. Murray,S. Querrey,(6-2)(6-4),A. Murray,,,,,,,,,,,,,,,,,,,,,,,,,,,,,,,,,,,,,,,,,,,,,,
26-10-2008,A. Roddick,G. Simon,(6-3)(7-5),A. Roddick,,,,,,,,,,,,,,,,,,,,,,,,,,,,,,,,,,,,,,,,,,,,,,
26-10-2008,T. Robredo,J. Chardy,(7-6)(7-6),T. Robredo,,,,,,,,,,,,,,,,,,,,,,,,,,,,,,,,,,,,,,,,,,,,,,
26-10-2008,F. Verdasco,T. Robredo,(6-2)(6-7)(6-2),F. Verdasco,,,,,,,,,,,,,,,,,,,,,,,,,,,,,,,,,,,,,,,,,,,,,,
26-10-2008,J. W. Tsonga,N. Djokovic,(6-4)(1-6)(6-3),J. W. Tsonga,,,,,,,,,,,,,,,,,,,,,,,,,,,,,,,,,,,,,,,,,,,,,,
26-10-2008,M. Ancic,R. Schuettler,(6-4)(3-6)(6-1),M. Ancic,,,,,,,,,,,,,,,,,,,,,,,,,,,,,,,,,,,,,,,,,,,,,,
26-10-2008,J. M. Del Potro,M. Ancic,(6-0)(6-4),J. M. Del Potro,,,,,,,,,,,,,,,,,,,,,,,,,,,,,,,,,,,,,,,,,,,,,,
26-10-2008,J. Blake,P. Kohlschreiber,(6-4)(6-4),J. Blake,,,,,,,,,,,,,,,,,,,,,,,,,,,,,,,,,,,,,,,,,,,,,,
26-10-2008,N. Kiefer,I. Karlovic,(6-4)(7-5),N. Kiefer,,,,,,,,,,,,,,,,,,,,,,,,,,,,,,,,,,,,,,,,,,,,,,
26-10-2008,D. Nalbandian,N. Kiefer,(7-6)(6-3),D. Nalbandian,,,,,,,,,,,,,,,,,,,,,,,,,,,,,,,,,,,,,,,,,,,,,,
26-10-2008,R. Federer,M. Cilic,(6-3)(6-4),R. Federer,,,,,,,,,,,,,,,,,,,,,,,,,,,,,,,,,,,,,,,,,,,,,,
26-10-2008,F. Lopez,J. Tipsarevic,(6-3)(6-4),F. Lopez,,,,,,,,,,,,,,,,,,,,,,,,,,,,,,,,,,,,,,,,,,,,,,
26-10-2008,A. Roddick,F. Lopez,(6-3)(6-4),A. Roddick,,,,,,,,,,,,,,,,,,,,,,,,,,,,,,,,,,,,,,,,,,,,,,
26-10-2008,I. Andreev,P. H. Mathieu,(7-6)(6-3),I. Andreev,,,,,,,,,,,,,,,,,,,,,,,,,,,,,,,,,,,,,,,,,,,,,,
26-10-2008,G. Simon,I. Andreev,(6-3)(7-5),G. Simon,,,,,,,,,,,,,,,,,,,,,,,,,,,,,,,,,,,,,,,,,,,,,,
26-10-2008,R. Stepanek,M. Gicquel,(6-4)(3-6)(6-4),R. Stepanek,,,,,,,,,,,,,,,,,,,,,,,,,,,,,,,,,,,,,,,,,,,,,,
26-10-2008,J. W. Tsonga,R. Stepanek,(3-6)(6-4)(6-4),J. W. Tsonga,,,,,,,,,,,,,,,,,,,,,,,,,,,,,,,,,,,,,,,,,,,,,,
26-10-2008,D. Tursunov,A. Mannarino,(6-3)(6-2),D. Tursunov,,,,,,,,,,,,,,,,,,,,,,,,,,,,,,,,,,,,,,,,,,,,,,
26-10-2008,N. Djokovic,D. Tursunov,(6-2)(4-3),N. Djokovic,,,,,,,,,,,,,,,,,,,,,,,,,,,,,,,,,,,,,,,,,,,,,,
26-10-2008,P. Kohlschreiber,M. Youzhny,(6-1)(6-4),P. Kohlschreiber,,,,,,,,,,,,,,,,,,,,,,,,,,,,,,,,,,,,,,,,,,,,,,
26-10-2008,P. Kohlschreiber,D. Ferrer,(6-3)(6-2),P. Kohlschreiber,,,,,,,,,,,,,,,,,,,,,,,,,,,,,,,,,,,,,,,,,,,,,,
26-10-2008,S. Bolelli,J. Nieminen,(7-5)(6-4),S. Bolelli,,,,,,,,,,,,,,,,,,,,,,,,,,,,,,,,,,,,,,,,,,,,,,
26-10-2008,J. Blake,S. Bolelli,(6-7)(6-3)(6-4),J. Blake,,,,,,,,,,,,,,,,,,,,,,,,,,,,,,,,,,,,,,,,,,,,,,
26-10-2008,M. Cilic,A. Seppi,(7-6)(6-2),M. Cilic,,,,,,,,,,,,,,,,,,,,,,,,,,,,,,,,,,,,,,,,,,,,,,
26-10-2008,M. Cilic,M. Granollers,(6-4)(7-6),M. Cilic,,,,,,,,,,,,,,,,,,,,,,,,,,,,,,,,,,,,,,,,,,,,,,
26-10-2008,R. Soderling,J. Ouanna,(6-3)(6-4),R. Soderling,,,,,,,,,,,,,,,,,,,,,,,,,,,,,,,,,,,,,,,,,,,,,,
20-10-2008,R. Federer,B. Reynolds,(6-3)(6-7)(6-3),R. Federer,,,,,,,,,,,,,,,,,,,,,,,,,,,,,,,,,,,,,,,,,,,,,,
20-10-2008,R. Federer,J. Nieminen,(7-6)(7-6),R. Federer,,,12.4%,1.3%,0.0%,2.6%,71.9%,64.1%,68.8%,62.0%,56.0%,64.3%,62.5%,40.0%,,,38.0%,31.3%,35.7%,44.0%,,,,,,,,,,,65.2%,62.8%,37.2%,34.8%,52.1%,47.9%,,,75.0%,75.0%,25.0%,25.0%,50.0%,50.0%,,
20-10-2008,R. Federer,S. Bolelli,(6-2)(6-3),R. Federer,,,14.3%,6.4%,1.8%,6.4%,69.6%,61.7%,84.6%,62.1%,47.1%,44.4%,100.0%,50.0%,,,37.9%,15.4%,55.6%,52.9%,,,,,,,,,,,73.2%,55.3%,44.7%,26.8%,60.2%,39.8%,,,100.0%,62.5%,37.5%,0.0%,70.6%,29.4%,,
20-10-2008,R. Federer,F. Lopez,(6-3)(6-2),R. Federer,,,27.8%,9.6%,3.7%,3.8%,57.4%,48.1%,90.3%,72.0%,52.2%,40.7%,100.0%,25.0%,,,28.0%,9.7%,59.3%,47.8%,,,,,,,,,,,74.1%,55.8%,44.2%,25.9%,59.4%,40.6%,,,100.0%,62.5%,37.5%,0.0%,70.6%,29.4%,,
20-10-2008,R. Federer,D. Nalbandian,(6-3)(6-4),R. Federer,,,17.0%,8.2%,0.0%,4.9%,63.8%,67.2%,86.7%,65.9%,82.4%,50.0%,,75.0%,,,34.1%,13.3%,50.0%,17.6%,,,,,,,,,,,85.1%,60.7%,39.3%,14.9%,59.3%,40.7%,,,100.0%,77.8%,22.2%,0.0%,63.2%,36.8%,,
20-10-2008,J. Nieminen,E. Schwank,(6-2)(6-4),J. Nieminen,,,,,,,,,,,,,,,,,,,,,,,,,,,,,,,,,,,,,,,,,,,,,,
20-10-2008,S. Bolelli,M. Granollers,(6-4)(6-2),S. Bolelli,,,4.2%,12.1%,0.0%,3.4%,54.2%,56.9%,88.5%,66.7%,68.2%,44.0%,,66.7%,,,33.3%,11.5%,56.0%,31.8%,,,,,,,,,,,79.2%,56.9%,43.1%,20.8%,59.4%,40.6%,,,100.0%,66.7%,33.3%,0.0%,66.7%,33.3%,,
20-10-2008,F. Lopez,J. Blake,(6-4)(7-6),F. Lopez,,,11.5%,10.9%,3.4%,0.0%,62.1%,65.6%,75.9%,76.2%,57.6%,68.2%,100.0%,66.7%,,,23.8%,24.1%,31.8%,42.4%,,,,,,,,,,,69.0%,73.4%,26.6%,31.0%,51.0%,49.0%,,,100.0%,90.9%,9.1%,0.0%,54.5%,45.5%,,
20-10-2008,D. Nalbandian,J. M. Del Potro,(6-4)(6-4),D. Nalbandian,,,12.3%,10.7%,1.8%,0.0%,75.4%,66.1%,74.4%,59.5%,57.1%,57.9%,66.7%,40.0%,,,40.5%,25.6%,42.1%,42.9%,,,,,,,,,,,70.2%,58.9%,41.1%,29.8%,55.8%,44.2%,,,90.0%,70.0%,30.0%,10.0%,60.0%,40.0%,,
20-10-2008,M. Granollers,M. Baghdatis,(6-2)(4-6)(6-2),M. Granollers,,,,,,,,,,,,,,,,,,,,,,,,,,,,,,,,,,,,,,,,,,,,,,
20-10-2008,J. Blake,O. Hernandez,(6-7)(6-2)(6-4),J. Blake,,,21.0%,5.1%,1.2%,2.5%,64.2%,61.9%,92.3%,65.8%,58.6%,53.3%,100.0%,76.9%,,,34.2%,7.7%,46.7%,41.4%,,,,,,,,,,,80.2%,61.0%,39.0%,19.8%,55.8%,44.2%,,,100.0%,80.0%,20.0%,0.0%,60.0%,40.0%,,
20-10-2008,J. M. Del Potro,I. Andreev,(6-4)(7-5),J. M. Del Potro,,,7.2%,12.3%,1.4%,2.5%,50.7%,63.0%,80.0%,68.6%,61.8%,46.7%,100.0%,77.8%,,,31.4%,20.0%,53.3%,38.2%,,,,,,,,,,,71.0%,60.5%,39.5%,29.0%,54.0%,46.0%,,,100.0%,81.8%,18.2%,0.0%,59.1%,40.9%,,
20-10-2008,S. Bolelli,T. Berdych,(6-4)(7-5),S. Bolelli,,,,,,,,,,,,,,,,,,,,,,,,,,,,,,,,,,,,,,,,,,,,,,
20-10-2008,F. Lopez,M. Fish,(7-6)(6-4),F. Lopez,,,22.5%,18.2%,4.2%,7.8%,73.2%,48.1%,82.7%,89.2%,57.9%,52.5%,100.0%,80.0%,,,10.8%,17.3%,47.5%,42.1%,,,,,,,,,,,76.1%,70.1%,29.9%,23.9%,52.0%,48.0%,,,100.0%,90.9%,9.1%,0.0%,54.5%,45.5%,,
20-10-2008,D. Nalbandian,B. Becker,(7-6)(6-4),D. Nalbandian,,,10.5%,13.6%,2.6%,2.3%,56.6%,65.9%,86.0%,74.1%,48.5%,40.0%,100.0%,88.9%,,,25.9%,14.0%,60.0%,51.5%,,,,,,,,,,,69.7%,62.5%,37.5%,30.3%,52.4%,47.6%,,,100.0%,90.9%,9.1%,0.0%,54.5%,45.5%,,
20-10-2008,J. Blake,N. Kiefer,(3-6)(6-3)(6-4),J. Blake,,,,,,,,,,,,,,,,,,,,,,,,,,,,,,,,,,,,,,,,,,,,,,
20-10-2008,I. Andreev,P. Kohlschreiber,(7-6)(6-7)(7-5),I. Andreev,,,15.0%,4.2%,2.7%,2.5%,60.2%,66.1%,79.4%,75.6%,62.2%,70.0%,100.0%,75.0%,,,24.4%,20.6%,30.0%,37.8%,,,,,,,,,,,72.6%,73.7%,26.3%,27.4%,48.9%,51.1%,,,100.0%,94.4%,5.6%,0.0%,52.8%,47.2%,,
20-10-2008,O. Hernandez,L. Dlouhy,(7-6)(6-7)(6-1),O. Hernandez,,,,,,,,,,,,,,,,,,,,,,,,,,,,,,,,,,,,,,,,,,,,,,
20-10-2008,J. M. Del Potro,S. Bohli,(6-3)(6-3),J. M. Del Potro,,,12.8%,11.1%,2.1%,1.9%,59.6%,59.3%,82.1%,68.8%,73.7%,45.5%,,40.0%,,,31.3%,17.9%,54.5%,26.3%,,,,,,,,,,,78.7%,59.3%,40.7%,21.3%,58.4%,41.6%,,,100.0%,66.7%,33.3%,0.0%,66.7%,33.3%,,
20-10-2008,F. Lopez,M. Chiudinelli,(7-6)(7-6),F. Lopez,,,,,,,,,,,,,,,,,,,,,,,,,,,,,,,,,,,,,,,,,,,,,,
20-10-2008,B. Becker,A. Beck,(3-6)(6-3)(6-4),B. Becker,,,22.1%,12.0%,4.7%,6.0%,62.8%,53.0%,77.8%,81.8%,56.3%,48.7%,85.7%,71.4%,,,18.2%,22.2%,51.3%,43.8%,,,,,,,,,,,69.8%,66.3%,33.7%,30.2%,52.1%,47.9%,,,92.9%,85.7%,14.3%,7.1%,53.6%,46.4%,,
20-10-2008,M. Fish,A. Calleri,(7-6)(6-2),M. Fish,,,,,,,,,,,,,,,,,,,,,,,,,,,,,,,,,,,,,,,,,,,,,,
20-10-2008,D. Nalbandian,K. Vliegen,(6-4)(5-7)(7-6),D. Nalbandian,,,11.0%,10.7%,3.0%,5.0%,57.0%,52.9%,75.4%,78.1%,67.4%,49.1%,60.0%,66.7%,,,21.9%,24.6%,50.9%,32.6%,,,,,,,,,,,72.0%,64.5%,35.5%,28.0%,52.0%,48.0%,,,88.2%,88.2%,11.8%,11.8%,50.0%,50.0%,,
20-10-2008,I. Andreev,J. Melzer,(7-6)(7-5),I. Andreev,,,,,,,,,,,,,,,,,,,,,,,,,,,,,,,,,,,,,,,,,,,,,,
20-10-2008,P. Kohlschreiber,D. Gremelmayr,(6-4)(7-6),P. Kohlschreiber,,,,,,,,,,,,,,,,,,,,,,,,,,,,,,,,,,,,,,,,,,,,,,
20-10-2008,S. Bohli,J. Acasuso,(6-3)(6-2),S. Bohli,,,,,,,,,,,,,,,,,,,,,,,,,,,,,,,,,,,,,,,,,,,,,,
20-10-2008,J. M. Del Potro,G. Bastl,(6-2)(6-4),J. M. Del Potro,,,,,,,,,,,,,,,,,,,,,,,,,,,,,,,,,,,,,,,,,,,,,,
20-10-2008,B. Becker,S. Wawrinka,(3-6)(7-6)(7-6),B. Becker,,,,,,,,,,,,,,,,,,,,,,,,,,,,,,,,,,,,,,,,,,,,,,
20-10-2008,A. Beck,N. Devilder,(6-4)(6-4),A. Beck,,,,,,,,,,,,,,,,,,,,,,,,,,,,,,,,,,,,,,,,,,,,,,
20-10-2008,K. Vliegen,P. Petzschner,(6-2)(6-3),K. Vliegen,,,,,,,,,,,,,,,,,,,,,,,,,,,,,,,,,,,,,,,,,,,,,,
20-10-2008,D. Nalbandian,A. Montanes,(6-4)(6-2),D. Nalbandian,,,,,,,,,,,,,,,,,,,,,,,,,,,,,,,,,,,,,,,,,,,,,,
20-10-2008,A. Roddick,N. Mahut,(7-6)(6-4),A. Roddick,,,,,,,,,,,,,,,,,,,,,,,,,,,,,,,,,,,,,,,,,,,,,,
20-10-2008,A. Roddick,R. Ginepri,(7-6)(7-6),A. Roddick,,,32.9%,11.2%,0.0%,1.0%,79.7%,66.3%,84.1%,76.9%,50.0%,45.5%,100.0%,100.0%,,,23.1%,15.9%,54.5%,50.0%,,,,,,,,,,,77.2%,66.3%,33.7%,22.8%,53.1%,46.9%,,,100.0%,100.0%,0.0%,0.0%,50.0%,50.0%,,
20-10-2008,R. Soderling,A. Roddick,(7-6)(7-6),R. Soderling,,,27.0%,27.2%,8.1%,2.5%,60.8%,71.6%,88.9%,79.3%,62.1%,56.5%,100.0%,100.0%,,,20.7%,11.1%,43.5%,37.9%,,,,,,,,,,,78.4%,72.8%,27.2%,21.6%,51.6%,48.4%,,,100.0%,100.0%,0.0%,0.0%,50.0%,50.0%,,
20-10-2008,R. Soderling,G. Simon,(5-7)(6-3)(6-3),R. Soderling,,,9.5%,11.5%,2.4%,1.3%,59.5%,51.3%,74.0%,77.5%,58.8%,52.6%,60.0%,42.9%,,,22.5%,26.0%,47.4%,41.2%,,,,,,,,,,,67.9%,65.4%,34.6%,32.1%,51.9%,48.1%,,,86.7%,73.3%,26.7%,13.3%,56.7%,43.3%,,
20-10-2008,R. Soderling,J. Benneteau,(6-3)(6-7)(6-1),R. Soderling,,,11.6%,9.3%,1.2%,4.0%,74.4%,62.7%,82.8%,68.1%,59.1%,53.6%,75.0%,20.0%,,,31.9%,17.2%,46.4%,40.9%,,,,,,,,,,,76.7%,62.7%,37.3%,23.3%,58.4%,41.6%,,,93.3%,69.2%,30.8%,6.7%,64.3%,35.7%,,
20-10-2008,R. Ginepri,S. Grosjean,(6-7)(6-4)(6-4),R. Ginepri,,,,,,,,,,,,,,,,,,,,,,,,,,,,,,,,,,,,,,,,,,,,,,
20-10-2008,R. Soderling,C. Rochus,(6-1)(6-2),R. Soderling,,,45.5%,2.3%,6.8%,2.3%,59.1%,68.2%,92.3%,53.3%,61.1%,35.7%,100.0%,20.0%,,,46.7%,7.7%,64.3%,38.9%,,,,,,,,,,,79.5%,47.7%,52.3%,20.5%,65.9%,34.1%,,,100.0%,42.9%,57.1%,0.0%,80.0%,20.0%,,
20-10-2008,G. Simon,J. Ouanna,(6-3)(7-5),G. Simon,,,11.1%,12.1%,1.6%,1.7%,54.0%,65.5%,79.4%,73.7%,69.0%,45.0%,,0.0%,,,26.3%,20.6%,55.0%,31.0%,,,,,,,,,,,74.6%,63.8%,36.2%,25.4%,56.2%,43.8%,,,100.0%,80.0%,20.0%,0.0%,61.9%,38.1%,,
20-10-2008,J. Benneteau,J. W. Tsonga,(7-6)(7-5),J. Benneteau,,,9.2%,17.5%,3.9%,1.3%,72.4%,57.5%,74.5%,73.9%,61.9%,52.9%,75.0%,66.7%,,,26.1%,25.5%,47.1%,38.1%,,,,,,,,,,,71.1%,65.0%,35.0%,28.9%,52.6%,47.4%,,,91.7%,83.3%,16.7%,8.3%,54.2%,45.8%,,
20-10-2008,C. Rochus,G. Muller,(6-2)(6-4),C. Rochus,,,,,,,,,,,,,,,,,,,,,,,,,,,,,,,,,,,,,,,,,,,,,,
20-10-2008,G. Simon,A. Seppi,(7-6)(5-7)(6-4),G. Simon,,,12.4%,6.8%,1.9%,2.5%,59.0%,57.6%,77.4%,75.0%,60.5%,56.0%,66.7%,77.8%,,,25.0%,22.6%,44.0%,39.5%,,,,,,,,,,,70.5%,66.9%,33.1%,29.5%,50.7%,49.3%,,,88.2%,88.2%,11.8%,11.8%,50.0%,50.0%,,
20-10-2008,J. W. Tsonga,J. C. Ferrero,(7-6)(6-1),J. W. Tsonga,,,28.3%,6.3%,1.9%,0.0%,69.8%,69.8%,83.8%,70.5%,43.8%,31.6%,0.0%,42.9%,,,29.5%,16.2%,68.4%,56.3%,,,,,,,,,,,71.7%,58.7%,41.3%,28.3%,55.2%,44.8%,,,88.9%,60.0%,40.0%,11.1%,63.2%,36.8%,,
20-10-2008,R. Soderling,T. Ascione,(6-4)(6-1),R. Soderling,,,,,,,,,,,,,,,,,,,,,,,,,,,,,,,,,,,,,,,,,,,,,,
20-10-2008,J. Ouanna,N. Lapentti,(6-3)(1-6)(6-3),J. Ouanna,,,9.8%,6.8%,3.3%,1.4%,68.9%,75.3%,81.0%,70.9%,63.2%,44.4%,33.3%,0.0%,,,29.1%,19.0%,55.6%,36.8%,,,,,,,,,,,75.4%,64.4%,35.6%,24.6%,53.7%,46.3%,,,84.6%,83.3%,16.7%,15.4%,52.0%,48.0%,,
20-10-2008,J. Benneteau,S. Darcis,(6-3)(6-2),J. Benneteau,,,15.5%,0.0%,3.4%,1.7%,62.1%,83.1%,66.7%,46.9%,63.6%,60.0%,75.0%,60.0%,,,53.1%,33.3%,40.0%,36.4%,,,,,,,,,,,65.5%,49.2%,50.8%,34.5%,58.1%,41.9%,,,88.9%,50.0%,50.0%,11.1%,70.6%,29.4%,,
20-10-2008,G. Simon,J. Monaco,(2-6)(6-4)(6-1),G. Simon,,,,,,,,,,,,,,,,,,,,,,,,,,,,,,,,,,,,,,,,,,,,,,
20-10-2008,J. C. Ferrero,P. H. Mathieu,(6-4)(6-1),J. C. Ferrero,,,22.5%,3.7%,2.5%,1.9%,67.5%,66.7%,88.9%,61.1%,69.2%,33.3%,,42.9%,,,38.9%,11.1%,66.7%,30.8%,,,,,,,,,,,82.5%,51.9%,48.1%,17.5%,62.8%,37.2%,,,100.0%,55.6%,44.4%,0.0%,70.6%,29.4%,,
20-10-2008,A. Seppi,D. Guez,(6-2)(7-5),A. Seppi,,,,,,,,,,,,,,,,,,,,,,,,,,,,,,,,,,,,,,,,,,,,,,
20-10-2008,J. W. Tsonga,F. Santoro,(6-2)(5-7)(6-3),J. W. Tsonga,,,20.5%,5.2%,1.3%,0.0%,69.2%,62.3%,81.5%,77.1%,75.0%,48.3%,80.0%,25.0%,,,22.9%,18.5%,51.7%,25.0%,,,,,,,,,,,79.5%,66.2%,33.8%,20.5%,56.8%,43.2%,,,93.3%,78.6%,21.4%,6.7%,58.6%,41.4%,,
20-10-2008,J. Ouanna,I. Ljubicic,(6-7)(7-6)(6-4),J. Ouanna,,,,,,,,,,,,,,,,,,,,,,,,,,,,,,,,,,,,,,,,,,,,,,
20-10-2008,J. Benneteau,T. Robredo,(6-2)(6-2),J. Benneteau,,,14.3%,7.8%,8.2%,3.1%,63.3%,62.5%,83.9%,62.5%,55.6%,25.0%,100.0%,69.2%,,,37.5%,16.1%,75.0%,44.4%,,,,,,,,,,,73.5%,48.4%,51.6%,26.5%,61.1%,38.9%,,,100.0%,50.0%,50.0%,0.0%,75.0%,25.0%,,
20-10-2008,N. Lapentti,I. Karlovic,(7-6)(6-3),N. Lapentti,,,,,,,,,,,,,,,,,,,,,,,,,,,,,,,,,,,,,,,,,,,,,,
20-10-2008,S. Darcis,R. Gasquet,(6-4)(3-6)(7-6),S. Darcis,,,2.3%,17.2%,0.0%,2.0%,67.4%,66.7%,74.1%,83.3%,53.6%,33.3%,57.1%,50.0%,,,16.7%,25.9%,66.7%,46.4%,,,,,,,,,,,67.4%,66.7%,33.3%,32.6%,49.2%,50.8%,,,80.0%,81.3%,18.8%,20.0%,48.4%,51.6%,,
20-10-2008,P. H. Mathieu,G. Canas,(6-3)(6-4),P. H. Mathieu,,,,,,,,,,,,,,,,,,,,,,,,,,,,,,,,,,,,,,,,,,,,,,
20-10-2008,J. C. Ferrero,S. Querrey,(6-3)(7-5),J. C. Ferrero,,,,,,,,,,,,,,,,,,,,,,,,,,,,,,,,,,,,,,,,,,,,,,
20-10-2008,F. Santoro,F. Fognini,(6-4)(6-1),F. Santoro,,,,,,,,,,,,,,,,,,,,,,,,,,,,,,,,,,,,,,,,,,,,,,
20-10-2008,J. W. Tsonga,M. Gicquel,(7-5)(4-6)(6-3),J. W. Tsonga,,,,,,,,,,,,,,,,,,,,,,,,,,,,,,,,,,,,,,,,,,,,,,
20-10-2008,T. Robredo,M. Llodra,(6-4)(6-3),T. Robredo,,,,,,,,,,,,,,,,,,,,,,,,,,,,,,,,,,,,,,,,,,,,,,
20-10-2008,J. Benneteau,A. Clement,(6-3)(6-2),J. Benneteau,,,,,,,,,,,,,,,,,,,,,,,,,,,,,,,,,,,,,,,,,,,,,,
20-10-2008,S. Darcis,R. Stepanek,(6-4)(3-6)(6-3),S. Darcis,,,,,,,,,,,,,,,,,,,,,,,,,,,,,,,,,,,,,,,,,,,,,,
20-10-2008,R. Gasquet,S. Giraldo,(5-7)(6-3)(7-6),R. Gasquet,,,,,,,,,,,,,,,,,,,,,,,,,,,,,,,,,,,,,,,,,,,,,,
20-10-2008,A. Murray,V. Troicki,(6-3)(6-3),A. Murray,,,,,,,,,,,,,,,,,,,,,,,,,,,,,,,,,,,,,,,,,,,,,,
20-10-2008,A. Murray,E. Gulbis,(6-4)(6-2),A. Murray,,,10.4%,7.4%,0.0%,1.9%,58.3%,66.7%,82.1%,58.3%,60.0%,38.9%,75.0%,55.6%,,,41.7%,17.9%,61.1%,40.0%,,,,,,,,,,,72.9%,51.9%,48.1%,27.1%,59.8%,40.2%,,,88.9%,55.6%,44.4%,11.1%,66.7%,33.3%,,
20-10-2008,A. Murray,J. Tipsarevic,(7-6)(7-5),A. Murray,,,10.6%,8.0%,2.4%,4.6%,55.3%,49.4%,74.5%,74.4%,50.0%,43.2%,71.4%,62.5%,,,25.6%,25.5%,56.8%,50.0%,,,,,,,,,,,63.5%,58.6%,41.4%,36.5%,52.3%,47.7%,,,83.3%,75.0%,25.0%,16.7%,54.2%,45.8%,,
20-10-2008,A. Murray,F. Verdasco,(6-0)(6-3),A. Murray,,,9.1%,2.0%,1.8%,13.7%,60.0%,66.7%,78.8%,47.1%,45.5%,29.4%,50.0%,50.0%,,,52.9%,21.2%,70.6%,54.5%,,,,,,,,,,,65.5%,41.2%,58.8%,34.5%,62.3%,37.7%,,,87.5%,28.6%,71.4%,12.5%,80.0%,20.0%,,
20-10-2008,A. Murray,A. Golubev,(6-1)(6-1),A. Murray,,,0.0%,2.0%,4.9%,4.1%,75.6%,53.1%,87.1%,50.0%,30.0%,34.8%,100.0%,37.5%,,,50.0%,12.9%,65.2%,70.0%,,,,,,,,,,,73.2%,42.9%,57.1%,26.8%,64.4%,35.6%,,,100.0%,28.6%,71.4%,0.0%,85.7%,14.3%,,
20-10-2008,E. Gulbis,G. Garcia Lopez,(6-0)(6-2),E. Gulbis,,,,,,,,,,,,,,,,,,,,,,,,,,,,,,,,,,,,,,,,,,,,,,
20-10-2008,J. Tipsarevic,J. Chardy,(6-4)(7-6),J. Tipsarevic,,,15.9%,9.0%,0.0%,3.0%,58.0%,73.1%,82.5%,73.5%,55.2%,44.4%,75.0%,50.0%,,,26.5%,17.5%,55.6%,44.8%,,,,,,,,,,,71.0%,65.7%,34.3%,29.0%,52.9%,47.1%,,,90.9%,81.8%,18.2%,9.1%,54.5%,45.5%,,
20-10-2008,F. Verdasco,R. Schuettler,(7-5)(6-2),F. Verdasco,,,5.3%,4.7%,5.3%,0.0%,86.0%,68.8%,67.3%,47.7%,62.5%,55.0%,33.3%,54.5%,,,52.3%,32.7%,45.0%,37.5%,,,,,,,,,,,66.7%,50.0%,50.0%,33.3%,57.9%,42.1%,,,80.0%,50.0%,50.0%,20.0%,65.0%,35.0%,,
20-10-2008,A. Golubev,V. Hanescu,(6-3)(6-0),A. Golubev,,,5.3%,2.2%,2.6%,2.2%,71.1%,80.4%,74.1%,48.6%,72.7%,22.2%,,44.4%,,,51.4%,25.9%,77.8%,27.3%,,,,,,,,,,,73.7%,43.5%,56.5%,26.3%,64.3%,35.7%,,,100.0%,37.5%,62.5%,0.0%,80.0%,20.0%,,
20-10-2008,J. Tipsarevic,P. Starace,(6-3)(7-6),J. Tipsarevic,,,,,,,,,,,,,,,,,,,,,,,,,,,,,,,,,,,,,,,,,,,,,,
20-10-2008,F. Verdasco,K. Lejnieks,(6-1)(6-3),F. Verdasco,,,4.7%,5.1%,9.3%,1.7%,62.8%,71.2%,88.9%,52.4%,62.5%,35.3%,100.0%,33.3%,,,47.6%,11.1%,64.7%,37.5%,,,,,,,,,,,79.1%,47.5%,52.5%,20.9%,63.7%,36.3%,,,100.0%,50.0%,50.0%,0.0%,75.0%,25.0%,,
20-10-2008,A. Golubev,M. Zverev,(6-7)(6-4)(7-6),A. Golubev,,,5.1%,0.9%,1.7%,0.9%,60.2%,77.7%,76.1%,67.8%,51.1%,60.0%,80.0%,57.1%,,,32.2%,23.9%,40.0%,48.9%,,,,,,,,,,,66.1%,66.1%,33.9%,33.9%,50.4%,49.6%,,,88.2%,82.4%,17.6%,11.8%,52.9%,47.1%,,
20-10-2008,J. Chardy,M. Ancic,(6-4)(3-6)(6-4),J. Chardy,,,,,,,,,,,,,,,,,,,,,,,,,,,,,,,,,,,,,,,,,,,,,,
20-10-2008,R. Schuettler,D. Hrbaty,(6-3)(6-3),R. Schuettler,,,2.1%,1.9%,8.5%,1.9%,63.8%,59.6%,90.0%,61.3%,58.8%,47.6%,100.0%,57.1%,,,38.7%,10.0%,52.4%,41.2%,,,,,,,,,,,78.7%,55.8%,44.2%,21.3%,60.6%,39.4%,,,100.0%,66.7%,33.3%,0.0%,66.7%,33.3%,,
20-10-2008,V. Hanescu,M. Elgin,(6-1)(6-4),V. Hanescu,,,2.0%,1.9%,0.0%,1.9%,69.4%,56.6%,79.4%,53.3%,66.7%,47.8%,66.7%,42.9%,,,46.7%,20.6%,52.2%,33.3%,,,,,,,,,,,75.5%,50.9%,49.1%,24.5%,61.8%,38.2%,,,88.9%,50.0%,50.0%,11.1%,70.6%,29.4%,,
20-10-2008,F. Verdasco,T. Gabashvili,(1-6)(6-4)(6-3),F. Verdasco,,,,,,,,,,,,,,,,,,,,,,,,,,,,,,,,,,,,,,,,,,,,,,
20-10-2008,A. Golubev,M. Safin,(6-4)(6-2),A. Golubev,,,13.7%,7.0%,7.8%,2.8%,52.9%,46.5%,88.9%,57.6%,50.0%,47.4%,50.0%,60.0%,,,42.4%,11.1%,52.6%,50.0%,,,,,,,,,,,70.6%,52.1%,47.9%,29.4%,57.4%,42.6%,,,88.9%,55.6%,44.4%,11.1%,66.7%,33.3%,,
20-10-2008,K. Lejnieks,A. Kudryavtsev,(3-6)(7-6)(6-3),K. Lejnieks,,,,,,,,,,,,,,,,,,,,,,,,,,,,,,,,,,,,,,,,,,,,,,
20-10-2008,M. Zverev,M. Youzhny,(7-5)(6-4),M. Zverev,,,7.9%,0.0%,0.0%,4.6%,79.4%,64.6%,68.0%,59.5%,61.5%,47.8%,66.7%,20.0%,,,40.5%,32.0%,52.2%,38.5%,,,,,,,,,,,66.7%,55.4%,44.6%,33.3%,55.5%,44.5%,,,81.8%,63.6%,36.4%,18.2%,59.1%,40.9%,,
20-10-2008,R. Schuettler,I. Kunitsyn,(6-2)(6-3),R. Schuettler,,,,,,,,,,,,,,,,,,,,,,,,,,,,,,,,,,,,,,,,,,,,,,
20-10-2008,V. Hanescu,M. Kukushkin,(6-3)(7-6),V. Hanescu,,,10.3%,8.0%,5.9%,5.3%,72.1%,54.7%,71.4%,70.7%,47.4%,47.1%,0.0%,50.0%,,,29.3%,28.6%,52.9%,52.6%,,,,,,,,,,,64.7%,60.0%,40.0%,35.3%,51.7%,48.3%,,,81.8%,70.0%,30.0%,18.2%,57.1%,42.9%,,
20-10-2008,D. Hrbaty,D. Tursunov,(6-1)(6-1),D. Hrbaty,,,,,,,,,,,,,,,,,,,,,,,,,,,,,,,,,,,,,,,,,,,,,,
20-10-2008,M. Elgin,N. Davydenko,,M. Elgin,,,,,,,,,,,,,,,,,,,,,,,,,,,,,,,,,,,,,,,,,,,,,,
20-10-2008,M. Safin,S. Stakhovsky,(6-2)(6-4),M. Safin,,,,,,,,,,,,,,,,,,,,,,,,,,,,,,,,,,,,,,,,,,,,,,
20-10-2008,A. Golubev,O. Rochus,(6-1)(6-4),A. Golubev,,,,,,,,,,,,,,,,,,,,,,,,,,,,,,,,,,,,,,,,,,,,,,
20-10-2008,M. Zverev,F. Serra,(6-4)(6-2),M. Zverev,,,,,,,,,,,,,,,,,,,,,,,,,,,,,,,,,,,,,,,,,,,,,,
20-10-2008,M. Youzhny,I. Navarro,(6-2)(6-1),M. Youzhny,,,,,,,,,,,,,,,,,,,,,,,,,,,,,,,,,,,,,,,,,,,,,,
20-10-2008,M. Kukushkin,M. Cilic,(7-6)(4-6)(7-6),M. Kukushkin,,,,,,,,,,,,,,,,,,,,,,,,,,,,,,,,,,,,,,,,,,,,,,
20-10-2008,V. Hanescu,E. Korolev,(6-1)(6-2),V. Hanescu,,,,,,,,,,,,,,,,,,,,,,,,,,,,,,,,,,,,,,,,,,,,,,
20-10-2008,M. Elgin,F. Volandri,(6-4)(6-4),M. Elgin,,,,,,,,,,,,,,,,,,,,,,,,,,,,,,,,,,,,,,,,,,,,,,
12-10-2008,E. Gulbis,N. Kiefer,(5-7)(6-4)(7-5),E. Gulbis,,,,,,,,,,,,,,,,,,,,,,,,,,,,,,,,,,,,,,,,,,,,,,
12-10-2008,R. Nadal,E. Gulbis,(7-5)(3-6)(6-3),R. Nadal,,,,,,,,,,,,,,,,,,,,,,,,,,,,,,,,,,,,,,,,,,,,,,
12-10-2008,R. Nadal,R. Gasquet,(6-4)(6-2),R. Nadal,,,3.5%,6.7%,3.5%,0.0%,57.9%,58.3%,81.8%,65.7%,54.2%,48.0%,100.0%,66.7%,,,34.3%,18.2%,52.0%,45.8%,,,,,,,,,,,70.2%,58.3%,41.7%,29.8%,55.6%,44.4%,,,100.0%,66.7%,33.3%,0.0%,66.7%,33.3%,,
12-10-2008,R. Nadal,F. Lopez,(6-4)(6-4),R. Nadal,,,0.0%,7.4%,0.0%,1.9%,70.5%,53.7%,74.4%,72.4%,72.2%,56.0%,100.0%,50.0%,,,27.6%,25.6%,44.0%,27.8%,,,,,,,,,,,73.8%,64.8%,35.2%,26.2%,55.7%,44.3%,,,100.0%,80.0%,20.0%,0.0%,60.0%,40.0%,,
12-10-2008,G. Simon,R. Nadal,(3-6)(7-5)(7-6),G. Simon,,,2.0%,2.0%,2.0%,1.0%,61.2%,61.8%,63.3%,65.1%,49.1%,59.0%,77.3%,50.0%,,,34.9%,36.7%,41.0%,50.9%,,,,,,,,,,,57.8%,62.7%,37.3%,42.2%,49.4%,50.6%,,,70.6%,75.0%,25.0%,29.4%,48.5%,51.5%,,
12-10-2008,A. Murray,G. Simon,(6-4)(7-6),A. Murray,,,16.7%,1.3%,0.0%,1.3%,66.7%,54.7%,84.1%,70.7%,50.0%,55.9%,,75.0%,,,29.3%,15.9%,44.1%,50.0%,,,,,,,,,,,72.7%,64.0%,36.0%,27.3%,53.2%,46.8%,,,100.0%,90.9%,9.1%,0.0%,54.5%,45.5%,,
12-10-2008,M. Fish,S. Darcis,(6-1)(6-4),M. Fish,,,,,,,,,,,,,,,,,,,,,,,,,,,,,,,,,,,,,,,,,,,,,,
12-10-2008,R. Gasquet,M. Fish,(6-7)(6-4)(6-3),R. Gasquet,,,,,,,,,,,,,,,,,,,,,,,,,,,,,,,,,,,,,,,,,,,,,,
12-10-2008,F. Lopez,S. Wawrinka,(6-4)(6-4),F. Lopez,,,17.3%,12.5%,1.9%,1.8%,67.3%,66.1%,85.7%,75.7%,70.6%,52.6%,,33.3%,,,24.3%,14.3%,47.4%,29.4%,,,,,,,,,,,80.8%,67.9%,32.1%,19.2%,55.6%,44.4%,,,100.0%,80.0%,20.0%,0.0%,60.0%,40.0%,,
12-10-2008,G. Simon,I. Karlovic,(7-6)(4-6)(7-6),G. Simon,,,4.1%,27.0%,1.0%,1.0%,55.1%,69.0%,77.8%,78.3%,56.8%,35.5%,33.3%,57.1%,,,21.7%,22.2%,64.5%,43.2%,,,,,,,,,,,68.4%,65.0%,35.0%,31.6%,51.5%,48.5%,,,76.5%,82.4%,17.6%,23.5%,47.1%,52.9%,,
12-10-2008,A. Murray,R. Federer,(3-6)(6-3)(7-5),A. Murray,,,16.3%,7.1%,2.3%,1.0%,61.6%,66.3%,84.9%,70.8%,51.5%,54.5%,66.7%,77.8%,,,29.2%,15.1%,45.5%,48.5%,,,,,,,,,,,72.1%,65.3%,34.7%,27.9%,52.2%,47.8%,,,93.3%,86.7%,13.3%,6.7%,53.3%,46.7%,,
12-10-2008,P. Kohlschreiber,C. Moya,(6-2)(6-2),P. Kohlschreiber,,,,,,,,,,,,,,,,,,,,,,,,,,,,,,,,,,,,,,,,,,,,,,
12-10-2008,S. Wawrinka,P. Kohlschreiber,(3-6)(7-5)(7-6),S. Wawrinka,,,,,,,,,,,,,,,,,,,,,,,,,,,,,,,,,,,,,,,,,,,,,,
12-10-2008,I. Karlovic,N. Djokovic,(7-6)(7-6),I. Karlovic,,,24.1%,11.3%,0.0%,0.0%,65.1%,66.2%,88.9%,83.0%,48.3%,70.8%,100.0%,100.0%,,,17.0%,11.1%,29.2%,51.7%,,,,,,,,,,,74.7%,78.9%,21.1%,25.3%,50.0%,50.0%,,,100.0%,100.0%,0.0%,0.0%,50.0%,50.0%,,
12-10-2008,A. Murray,G. Monfils,(6-2)(6-2),A. Murray,,,5.8%,7.4%,0.0%,3.7%,61.5%,63.0%,68.8%,50.0%,50.0%,30.0%,0.0%,45.5%,,,50.0%,31.3%,70.0%,50.0%,,,,,,,,,,,61.5%,42.6%,57.4%,38.5%,59.4%,40.6%,,,75.0%,25.0%,75.0%,25.0%,75.0%,25.0%,,
12-10-2008,F. Lopez,A. Montanes,(7-6)(6-3),F. Lopez,,,,,,,,,,,,,,,,,,,,,,,,,,,,,,,,,,,,,,,,,,,,,,
12-10-2008,F. Lopez,D. Ferrer,(6-4)(7-6),F. Lopez,,,,,,,,,,,,,,,,,,,,,,,,,,,,,,,,,,,,,,,,,,,,,,
12-10-2008,G. Simon,R. Ginepri,(6-7)(6-4)(7-6),G. Simon,,,10.7%,4.7%,3.6%,3.1%,55.4%,71.1%,74.2%,64.8%,58.0%,51.4%,50.0%,71.4%,,,35.2%,25.8%,48.6%,42.0%,,,,,,,,,,,67.0%,60.9%,39.1%,33.0%,52.1%,47.9%,,,82.4%,76.5%,23.5%,17.6%,52.9%,47.1%,,
12-10-2008,R. Federer,J. M. Del Potro,(6-3)(6-3),R. Federer,,,5.7%,17.6%,0.0%,5.9%,69.8%,60.3%,78.4%,73.2%,56.3%,29.6%,100.0%,66.7%,,,26.8%,21.6%,70.4%,43.8%,,,,,,,,,,,71.7%,55.9%,44.1%,28.3%,56.2%,43.8%,,,100.0%,66.7%,33.3%,0.0%,66.7%,33.3%,,
12-10-2008,V. Hanescu,D. Tursunov,(4-6)(6-2)(6-3),V. Hanescu,,,,,,,,,,,,,,,,,,,,,,,,,,,,,,,,,,,,,,,,,,,,,,
12-10-2008,N. Djokovic,V. Hanescu,(6-7)(7-6)(3-1),N. Djokovic,,,,,,,,,,,,,,,,,,,,,,,,,,,,,,,,,,,,,,,,,,,,,,
12-10-2008,G. Monfils,A. Roddick,(6-4)(3-6)(6-3),G. Monfils,,,8.1%,16.5%,1.2%,3.8%,60.5%,62.0%,73.1%,83.7%,61.8%,50.0%,87.5%,33.3%,,,16.3%,26.9%,50.0%,38.2%,,,,,,,,,,,68.6%,70.9%,29.1%,31.4%,49.7%,50.3%,,,92.9%,85.7%,14.3%,7.1%,53.6%,46.4%,,
12-10-2008,R. Soderling,F. Serra,(6-3)(6-4),R. Soderling,,,,,,,,,,,,,,,,,,,,,,,,,,,,,,,,,,,,,,,,,,,,,,
12-10-2008,I. Karlovic,R. Soderling,(7-6)(7-6),I. Karlovic,,,,,,,,,,,,,,,,,,,,,,,,,,,,,,,,,,,,,,,,,,,,,,
12-10-2008,A. Murray,M. Cilic,(7-5)(7-6),A. Murray,,,5.6%,13.1%,4.2%,7.1%,53.5%,48.8%,81.6%,73.2%,51.5%,44.2%,0.0%,57.1%,,,26.8%,18.4%,55.8%,48.5%,,,,,,,,,,,67.6%,58.3%,41.7%,32.4%,53.5%,46.5%,,,83.3%,75.0%,25.0%,16.7%,54.2%,45.8%,,
12-10-2008,G. Simon,I. Andreev,(4-6)(6-1)(7-6),G. Simon,,,,,,,,,,,,,,,,,,,,,,,,,,,,,,,,,,,,,,,,,,,,,,
12-10-2008,G. Simon,J. Blake,(3-6)(6-1)(6-4),G. Simon,,,,,,,,,,,,,,,,,,,,,,,,,,,,,,,,,,,,,,,,,,,,,,
12-10-2008,J. M. Del Potro,D. Nalbandian,(6-4)(6-2),J. M. Del Potro,,,14.0%,10.9%,1.8%,9.1%,49.1%,50.9%,89.3%,75.0%,41.4%,29.6%,80.0%,20.0%,,,25.0%,10.7%,70.4%,58.6%,,,,,,,,,,,64.9%,52.7%,47.3%,35.1%,56.3%,43.8%,,,88.9%,55.6%,44.4%,11.1%,66.7%,33.3%,,
12-10-2008,R. Ginepri,M. Llodra,(6-4)(6-4),R. Ginepri,,,,,,,,,,,,,,,,,,,,,,,,,,,,,,,,,,,,,,,,,,,,,,
12-10-2008,R. Ginepri,N. Davydenko,(4-6)(6-4)(6-4),R. Ginepri,,,,,,,,,,,,,,,,,,,,,,,,,,,,,,,,,,,,,,,,,,,,,,
12-10-2008,R. Federer,J. W. Tsonga,(6-4)(6-1),R. Federer,,,18.0%,6.0%,2.0%,10.0%,62.0%,48.0%,80.6%,75.0%,68.4%,42.3%,100.0%,62.5%,,,25.0%,19.4%,57.7%,31.6%,,,,,,,,,,,76.0%,58.0%,42.0%,24.0%,59.0%,41.0%,,,100.0%,62.5%,37.5%,0.0%,70.6%,29.4%,,
12-10-2008,T. Robredo,A. Seppi,(7-6)(3-6)(6-3),T. Robredo,,,,,,,,,,,,,,,,,,,,,,,,,,,,,,,,,,,,,,,,,,,,,,
12-10-2008,A. Roddick,T. Robredo,(6-3)(6-4),A. Roddick,,,,,,,,,,,,,,,,,,,,,,,,,,,,,,,,,,,,,,,,,,,,,,
12-10-2008,G. Monfils,F. Fognini,(6-2)(6-4),G. Monfils,,,,,,,,,,,,,,,,,,,,,,,,,,,,,,,,,,,,,,,,,,,,,,
12-10-2008,G. Monfils,F. Gonzalez,(6-3)(6-4),G. Monfils,,,,,,,,,,,,,,,,,,,,,,,,,,,,,,,,,,,,,,,,,,,,,,
12-10-2008,M. Cilic,O. Rochus,(6-3)(7-5),M. Cilic,,,,,,,,,,,,,,,,,,,,,,,,,,,,,,,,,,,,,,,,,,,,,,
12-10-2008,M. Cilic,F. Verdasco,(6-2)(6-3),M. Cilic,,,,,,,,,,,,,,,,,,,,,,,,,,,,,,,,,,,,,,,,,,,,,,
12-10-2008,S. Bolelli,N. Almagro,(7-6)(6-1),S. Bolelli,,,,,,,,,,,,,,,,,,,,,,,,,,,,,,,,,,,,,,,,,,,,,,
12-10-2008,A. Murray,S. Bolelli,(6-0)(2-1),A. Murray,,,,,,,,,,,,,,,,,,,,,,,,,,,,,,,,,,,,,,,,,,,,,,
12-10-2008,T. Berdych,R. Schuettler,(6-1)(6-2),T. Berdych,,,,,,,,,,,,,,,,,,,,,,,,,,,,,,,,,,,,,,,,,,,,,,
12-10-2008,D. Nalbandian,T. Berdych,(6-2)(6-7)(6-1),D. Nalbandian,,,,,,,,,,,,,,,,,,,,,,,,,,,,,,,,,,,,,,,,,,,,,,
12-10-2008,J. Nieminen,M. Youzhny,(7-5)(3-6)(6-2),J. Nieminen,,,,,,,,,,,,,,,,,,,,,,,,,,,,,,,,,,,,,,,,,,,,,,
12-10-2008,J. M. Del Potro,J. Nieminen,(6-2)(4-2),J. M. Del Potro,,,,,,,,,,,,,,,,,,,,,,,,,,,,,,,,,,,,,,,,,,,,,,
12-10-2008,M. Granollers,P. H. Mathieu,(6-4)(6-4),M. Granollers,,,,,,,,,,,,,,,,,,,,,,,,,,,,,,,,,,,,,,,,,,,,,,
12-10-2008,J. W. Tsonga,M. Granollers,(3-6)(6-3)(7-6),J. W. Tsonga,,,,,,,,,,,,,,,,,,,,,,,,,,,,,,,,,,,,,,,,,,,,,,
12-10-2008,R. Stepanek,J. Monaco,(6-1)(6-1),R. Stepanek,,,,,,,,,,,,,,,,,,,,,,,,,,,,,,,,,,,,,,,,,,,,,,
12-10-2008,R. Federer,R. Stepanek,(6-3)(7-6),R. Federer,,,,,,,,,,,,,,,,,,,,,,,,,,,,,,,,,,,,,,,,,,,,,,
06-10-2008,P. Petzschner,S. Wawrinka,(6-7)(6-2)(7-6),P. Petzschner,,,,,,,,,,,,,,,,,,,,,,,,,,,,,,,,,,,,,,,,,,,,,,
06-10-2008,P. Petzschner,J. Hernych,(6-3)(6-4),P. Petzschner,,,12.5%,2.9%,2.1%,5.8%,70.8%,56.5%,88.2%,64.1%,71.4%,50.0%,,66.7%,,,35.9%,11.8%,50.0%,28.6%,,,,,,,,,,,83.3%,58.0%,42.0%,16.7%,59.0%,41.0%,,,100.0%,77.8%,22.2%,0.0%,63.2%,36.8%,,
06-10-2008,P. Petzschner,C. Moya,(6-4)(6-2),P. Petzschner,,,20.8%,7.5%,0.0%,5.7%,72.9%,66.0%,88.6%,65.7%,53.8%,44.4%,100.0%,25.0%,,,34.3%,11.4%,55.6%,46.2%,,,,,,,,,,,79.2%,58.5%,41.5%,20.8%,59.4%,40.6%,,,100.0%,66.7%,33.3%,0.0%,66.7%,33.3%,,
06-10-2008,P. Petzschner,F. Lopez,(3-6)(6-3)(6-3),P. Petzschner,,,8.3%,8.4%,2.8%,1.1%,54.2%,68.4%,79.5%,67.7%,60.6%,53.3%,66.7%,70.0%,,,32.3%,20.5%,46.7%,39.4%,,,,,,,,,,,70.8%,63.2%,36.8%,29.2%,51.5%,48.5%,,,92.3%,78.6%,21.4%,7.7%,55.6%,44.4%,,
06-10-2008,P. Petzschner,G. Monfils,(6-4)(6-4),P. Petzschner,,,5.9%,8.5%,0.0%,5.6%,56.9%,62.0%,72.4%,65.9%,72.7%,40.7%,0.0%,66.7%,,,34.1%,27.6%,59.3%,27.3%,,,,,,,,,,,72.5%,56.3%,43.7%,27.5%,55.7%,44.3%,,,90.0%,70.0%,30.0%,10.0%,60.0%,40.0%,,
06-10-2008,J. Hernych,R. Karanusic,(4-6)(6-4)(7-6),J. Hernych,,,,,,,,,,,,,,,,,,,,,,,,,,,,,,,,,,,,,,,,,,,,,,
06-10-2008,C. Moya,E. Schwank,(6-2)(6-3),C. Moya,,,14.5%,2.4%,1.6%,7.1%,59.7%,52.4%,81.1%,72.7%,56.0%,45.0%,100.0%,25.0%,,,27.3%,18.9%,55.0%,44.0%,,,,,,,,,,,71.0%,59.5%,40.5%,29.0%,58.7%,41.3%,,,100.0%,62.5%,37.5%,0.0%,70.6%,29.4%,,
06-10-2008,F. Lopez,J. Melzer,(4-6)(6-3)(6-4),F. Lopez,,,12.4%,3.8%,5.6%,1.3%,52.8%,53.8%,80.9%,78.6%,59.5%,61.1%,66.7%,0.0%,,,21.4%,19.1%,38.9%,40.5%,,,,,,,,,,,70.8%,70.5%,29.5%,29.2%,51.5%,48.5%,,,93.3%,85.7%,14.3%,6.7%,55.2%,44.8%,,
06-10-2008,G. Monfils,P. Kohlschreiber,(6-4)(5-7)(7-6),G. Monfils,,,9.6%,1.6%,0.9%,2.4%,70.4%,72.6%,74.1%,62.2%,41.2%,64.7%,66.7%,76.9%,,,37.8%,25.9%,35.3%,58.8%,,,,,,,,,,,64.3%,62.9%,37.1%,35.7%,50.2%,49.8%,,,82.4%,82.4%,17.6%,17.6%,50.0%,50.0%,,
06-10-2008,C. Moya,M. Berrer,(7-6)(7-6),C. Moya,,,,,,,,,,,,,,,,,,,,,,,,,,,,,,,,,,,,,,,,,,,,,,
06-10-2008,J. Melzer,J. C. Ferrero,(7-6)(6-3),J. Melzer,,,10.3%,3.9%,1.5%,3.9%,67.6%,67.5%,78.3%,75.0%,77.3%,36.0%,66.7%,66.7%,,,25.0%,21.7%,64.0%,22.7%,,,,,,,,,,,77.9%,62.3%,37.7%,22.1%,56.6%,43.4%,,,90.9%,80.0%,20.0%,9.1%,57.1%,42.9%,,
06-10-2008,P. Kohlschreiber,F. Verdasco,(6-2)(6-3),P. Kohlschreiber,,,0.0%,1.9%,0.0%,0.0%,60.5%,79.2%,73.1%,57.1%,82.4%,54.5%,,42.9%,,,42.9%,26.9%,45.5%,17.6%,,,,,,,,,,,76.7%,56.6%,43.4%,23.3%,58.3%,41.7%,,,100.0%,55.6%,44.4%,0.0%,70.6%,29.4%,,
06-10-2008,E. Schwank,G. Simon,(4-6)(7-5)(7-6),E. Schwank,,,,,,,,,,,,,,,,,,,,,,,,,,,,,,,,,,,,,,,,,,,,,,
06-10-2008,F. Lopez,S. Giraldo,(7-6)(6-3),F. Lopez,,,7.0%,3.8%,7.0%,0.0%,49.3%,60.3%,85.7%,63.8%,58.3%,58.1%,100.0%,66.7%,,,36.2%,14.3%,41.9%,41.7%,,,,,,,,,,,71.8%,61.5%,38.5%,28.2%,54.4%,45.6%,,,100.0%,90.0%,10.0%,0.0%,57.1%,42.9%,,
06-10-2008,G. Monfils,F. Gonzalez,(6-3)(7-6),G. Monfils,,,7.6%,3.2%,2.5%,0.0%,62.0%,61.3%,77.6%,57.9%,53.3%,66.7%,87.5%,50.0%,,,42.1%,22.4%,33.3%,46.7%,,,,,,,,,,,68.4%,61.3%,38.7%,31.6%,55.3%,44.7%,,,90.9%,80.0%,20.0%,9.1%,57.1%,42.9%,,
06-10-2008,J. C. Ferrero,I. Karlovic,(6-4)(7-6),J. C. Ferrero,,,,,,,,,,,,,,,,,,,,,,,,,,,,,,,,,,,,,,,,,,,,,,
06-10-2008,F. Verdasco,G. Canas,(6-1)(6-2),F. Verdasco,,,5.6%,9.8%,5.6%,4.9%,77.8%,51.2%,64.3%,61.9%,66.7%,25.0%,80.0%,37.5%,,,38.1%,35.7%,75.0%,33.3%,,,,,,,,,,,64.8%,43.9%,56.1%,35.2%,61.1%,38.9%,,,87.5%,28.6%,71.4%,12.5%,80.0%,20.0%,,
06-10-2008,J. Melzer,I. Ljubicic,(7-6)(6-3),J. Melzer,,,,,,,,,,,,,,,,,,,,,,,,,,,,,,,,,,,,,,,,,,,,,,
06-10-2008,P. Kohlschreiber,J. M. Del Potro,,P. Kohlschreiber,,,,,,,,,,,,,,,,,,,,,,,,,,,,,,,,,,,,,,,,,,,,,,
06-10-2008,F. Lopez,A. Calleri,(7-6)(7-6),F. Lopez,,,,,,,,,,,,,,,,,,,,,,,,,,,,,,,,,,,,,,,,,,,,,,
06-10-2008,G. Monfils,R. Stepanek,(6-4)(6-3),G. Monfils,,,,,,,,,,,,,,,,,,,,,,,,,,,,,,,,,,,,,,,,,,,,,,
06-10-2008,S. Giraldo,S. Koubek,(6-1)(6-2),S. Giraldo,,,,,,,,,,,,,,,,,,,,,,,,,,,,,,,,,,,,,,,,,,,,,,
06-10-2008,F. Gonzalez,E. Gulbis,(4-6)(7-6)(6-1),F. Gonzalez,,,,,,,,,,,,,,,,,,,,,,,,,,,,,,,,,,,,,,,,,,,,,,
06-10-2008,F. Verdasco,V. Crivoi,(6-4)(6-4),F. Verdasco,,,,,,,,,,,,,,,,,,,,,,,,,,,,,,,,,,,,,,,,,,,,,,
06-10-2008,G. Canas,A. Seppi,(7-6)(6-3),G. Canas,,,,,,,,,,,,,,,,,,,,,,,,,,,,,,,,,,,,,,,,,,,,,,
06-10-2008,P. Kohlschreiber,M. Gicquel,(6-2)(6-2),P. Kohlschreiber,,,,,,,,,,,,,,,,,,,,,,,,,,,,,,,,,,,,,,,,,,,,,,
06-10-2008,J. M. Del Potro,M. Fischer,(7-6)(7-6),J. M. Del Potro,,,,,,,,,,,,,,,,,,,,,,,,,,,,,,,,,,,,,,,,,,,,,,
06-10-2008,G. Monfils,A. Peya,(3-6)(6-1)(6-3),G. Monfils,,,,,,,,,,,,,,,,,,,,,,,,,,,,,,,,,,,,,,,,,,,,,,
06-10-2008,R. Stepanek,P. Snobel,(6-4)(6-2),R. Stepanek,,,,,,,,,,,,,,,,,,,,,,,,,,,,,,,,,,,,,,,,,,,,,,
06-10-2008,E. Gulbis,F. Volandri,(6-2)(6-3),E. Gulbis,,,,,,,,,,,,,,,,,,,,,,,,,,,,,,,,,,,,,,,,,,,,,,
